SÃ©rie Temporal,RMSE,MAPE,Treino,Previsao
Favorita_Produto_3_1047679_ARIMA,624,19.8,142.6,0.07
Favorita_Produto_3_1047679_CNN,618,19.6,4.9,0.14
Favorita_Produto_3_1047679_LSTM,423,12.9,5.3,0.5
Favorita_Produto_3_1047679_Prophet,821,27.0,0.2,0.06
Favorita_Produto_3_1503844_ARIMA,336,7.3,5.8,0.01
Favorita_Produto_3_1503844_CNN,372,8.2,3.9,0.13
Favorita_Produto_3_1503844_LSTM,445,10.2,11.2,0.5
Favorita_Produto_3_1503844_Prophet,515,11.7,0.2,0.06
Favorita_Produto_8_1047679_ARIMA,279,16.5,16.9,0.01
Favorita_Produto_8_1047679_CNN,244,14.0,4.6,0.16
Favorita_Produto_8_1047679_LSTM,245,14.3,5.9,0.5
Favorita_Produto_8_1047679_Prophet,301,18.4,0.2,0.1
Favorita_Produto_8_1503844_ARIMA,270,7.8,6.1,0.01
Favorita_Produto_8_1503844_CNN,347,10.0,3.7,0.16
Favorita_Produto_8_1503844_LSTM,294,8.2,10.7,0.5
Favorita_Produto_8_1503844_Prophet,304,9.2,0.2,0.05
Favorita_Produto_44_1047679_ARIMA,1192,39.8,458.7,0.01
Favorita_Produto_44_1047679_CNN,552,15.6,4.7,0.17
Favorita_Produto_44_1047679_LSTM,544,16.6,5.6,0.52
Favorita_Produto_44_1047679_Prophet,1280,43.2,0.2,0.07
Favorita_Produto_44_1503844_ARIMA,526,8.8,5.2,0.01
Favorita_Produto_44_1503844_CNN,660,11.6,3.1,0.16
Favorita_Produto_44_1503844_LSTM,659,10.9,11.2,0.5
Favorita_Produto_44_1503844_Prophet,612,10.7,0.2,0.04
Favorita_Produto_45_1473474_ARIMA,182,6.2,5.7,0.01
Favorita_Produto_45_1473474_CNN,238,7.5,3.4,0.15
Favorita_Produto_45_1473474_LSTM,198,7.2,10.9,0.5
Favorita_Produto_45_1473474_Prophet,250,8.2,0.2,0.05
Favorita_Produto_45_1503844_ARIMA,258,6.6,5.6,0.01
Favorita_Produto_45_1503844_CNN,371,9.6,3.5,0.12
Favorita_Produto_45_1503844_LSTM,310,8.1,10.4,0.49
Favorita_Produto_45_1503844_Prophet,374,9.2,0.2,0.05
Favorita_Produto_46_584028_ARIMA,209,13.8,90.3,0.01
Favorita_Produto_46_584028_CNN,199,16.8,4.6,0.13
Favorita_Produto_46_584028_LSTM,179,12.4,16.3,0.52
Favorita_Produto_46_584028_Prophet,232,16.0,0.2,0.08
Favorita_Produto_46_1463992_ARIMA,356,16.8,4.5,0.01
Favorita_Produto_46_1463992_CNN,342,11.6,3.8,0.13
Favorita_Produto_46_1463992_LSTM,294,12.3,10.1,0.5
Favorita_Produto_46_1463992_Prophet,391,18.4,0.2,0.05
Favorita_Produto_47_1047679_ARIMA,1044,72.4,16.1,0.02
Favorita_Produto_47_1047679_CNN,317,17.0,4.7,0.12
Favorita_Produto_47_1047679_LSTM,291,14.7,8.0,0.52
Favorita_Produto_47_1047679_Prophet,1228,84.7,0.2,0.05
Favorita_Produto_47_1503844_ARIMA,260,8.4,5.7,0.0
Favorita_Produto_47_1503844_CNN,313,10.3,3.6,0.13
Favorita_Produto_47_1503844_LSTM,323,10.8,11.5,0.52
Favorita_Produto_47_1503844_Prophet,317,10.6,0.2,0.06
Favorita_Produto_48_584028_ARIMA,251,13.2,402.5,0.05
Favorita_Produto_48_584028_CNN,239,12.8,4.4,0.12
Favorita_Produto_48_584028_LSTM,272,14.2,16.7,0.51
Favorita_Produto_48_584028_Prophet,271,14.6,0.2,0.06
Favorita_Produto_48_1463992_ARIMA,413,13.2,16.1,0.0
Favorita_Produto_48_1463992_CNN,450,14.4,3.5,0.18
Favorita_Produto_48_1463992_LSTM,356,12.2,12.3,0.5
Favorita_Produto_48_1463992_Prophet,595,19.6,0.2,0.04
Favorita_Produto_49_1473474_ARIMA,217,7.7,16.8,0.01
Favorita_Produto_49_1473474_CNN,312,10.6,4.5,0.13
Favorita_Produto_49_1473474_LSTM,199,6.7,11.6,0.5
Favorita_Produto_49_1473474_Prophet,252,9.8,0.2,0.05
Favorita_Produto_49_1503844_ARIMA,475,10.3,110.4,0.01
Favorita_Produto_49_1503844_CNN,616,13.5,3.6,0.12
Favorita_Produto_49_1503844_LSTM,476,10.0,12.0,0.5
Favorita_Produto_49_1503844_Prophet,516,11.2,0.2,0.07
Favorita_Produto_50_364606_ARIMA,199,26.2,743.8,0.06
Favorita_Produto_50_364606_CNN,134,14.8,4.7,0.17
Favorita_Produto_50_364606_LSTM,109,12.2,17.8,0.52
Favorita_Produto_50_364606_Prophet,244,32.6,0.2,0.08
Favorita_Produto_50_584028_ARIMA,139,10.9,346.1,0.02
Favorita_Produto_50_584028_CNN,153,12.2,4.7,0.18
Favorita_Produto_50_584028_LSTM,136,12.0,16.9,0.52
Favorita_Produto_50_584028_Prophet,252,21.3,0.2,0.07
Favorita_Produto_51_257847_ARIMA,416,39.9,13.5,0.0
Favorita_Produto_51_257847_CNN,350,25.2,4.9,0.15
Favorita_Produto_51_257847_LSTM,316,23.8,7.4,0.51
Favorita_Produto_51_257847_Prophet,294,23.1,0.2,0.07
Favorita_Produto_51_1503844_ARIMA,488,18.6,28.7,0.01
Favorita_Produto_51_1503844_CNN,272,8.8,4.1,0.16
Favorita_Produto_51_1503844_LSTM,405,15.5,12.0,0.52
Favorita_Produto_51_1503844_Prophet,529,19.9,0.2,0.05
Favorita_Loja_3_Todos_ARIMA,29876,9.8,60.1,0.01
Favorita_Loja_3_Todos_CNN,29931,8.6,6.4,0.13
Favorita_Loja_3_Todos_LSTM,20419,5.8,13.4,0.49
Favorita_Loja_3_Todos_Prophet,50436,16.4,0.3,0.07
Favorita_Loja_8_Todos_ARIMA,14248,7.0,48.9,0.01
Favorita_Loja_8_Todos_CNN,21135,10.6,4.9,0.14
Favorita_Loja_8_Todos_LSTM,14790,6.6,7.8,0.49
Favorita_Loja_8_Todos_Prophet,27230,14.4,0.2,0.08
Favorita_Loja_44_Todos_ARIMA,31177,8.1,92.9,0.02
Favorita_Loja_44_Todos_CNN,34970,8.0,4.7,0.17
Favorita_Loja_44_Todos_LSTM,33999,8.0,13.7,0.49
Favorita_Loja_44_Todos_Prophet,52602,13.9,0.2,0.18
Favorita_Loja_45_Todos_ARIMA,29031,7.7,60.8,0.02
Favorita_Loja_45_Todos_CNN,46551,12.3,3.9,0.17
Favorita_Loja_45_Todos_LSTM,27263,7.0,9.8,0.5
Favorita_Loja_45_Todos_Prophet,42673,12.7,0.2,0.1
Favorita_Loja_46_Todos_ARIMA,26582,10.5,286.6,0.02
Favorita_Loja_46_Todos_CNN,35168,12.2,4.7,0.17
Favorita_Loja_46_Todos_LSTM,23287,8.0,10.8,0.5
Favorita_Loja_46_Todos_Prophet,29950,12.2,0.2,0.06
Favorita_Loja_47_Todos_ARIMA,30369,10.1,734.6,0.02
Favorita_Loja_47_Todos_CNN,36456,10.0,4.5,0.13
Favorita_Loja_47_Todos_LSTM,25796,6.9,6.0,0.51
Favorita_Loja_47_Todos_Prophet,37517,12.1,0.2,0.11
Favorita_Loja_48_Todos_ARIMA,21233,10.2,217.0,0.02
Favorita_Loja_48_Todos_CNN,27711,10.9,5.0,0.13
Favorita_Loja_48_Todos_LSTM,19904,8.4,14.7,0.5
Favorita_Loja_48_Todos_Prophet,29573,15.0,0.2,0.05
Favorita_Loja_49_Todos_ARIMA,24432,8.1,52.9,0.01
Favorita_Loja_49_Todos_CNN,37012,11.4,4.6,0.13
Favorita_Loja_49_Todos_LSTM,21812,6.8,5.8,0.52
Favorita_Loja_49_Todos_Prophet,45524,15.6,0.2,0.09
Favorita_Loja_50_Todos_ARIMA,15090,8.3,243.1,0.01
Favorita_Loja_50_Todos_CNN,21823,10.9,5.1,0.15
Favorita_Loja_50_Todos_LSTM,13764,7.2,12.0,0.52
Favorita_Loja_50_Todos_Prophet,15875,9.2,0.2,0.13
Favorita_Loja_51_Todos_ARIMA,22011,11.9,54.6,0.02
Favorita_Loja_51_Todos_CNN,12841,6.2,4.8,0.17
Favorita_Loja_51_Todos_LSTM,13378,7.0,13.5,0.5
Favorita_Loja_51_Todos_Prophet,32067,15.8,0.2,0.07
Favorita_Tudo_Todas_Todos_ARIMA,501644,7.2,59.3,0.02
Favorita_Tudo_Todas_Todos_CNN,850827,11.9,5.2,0.21
Favorita_Tudo_Todas_Todos_LSTM,497659,6.2,33.4,0.55
Favorita_Tudo_Todas_Todos_Prophet,826610,12.2,0.4,0.12
M5_Produto_CA_1_FOODS_3_090_ARIMA,399,5.6e+19,16.1,0.01
M5_Produto_CA_1_FOODS_3_090_CNN,212,3.2e+19,5.3,0.12
M5_Produto_CA_1_FOODS_3_090_LSTM,162,1.8e+19,12.6,0.54
M5_Produto_CA_1_FOODS_3_090_Prophet,214,3.0e+19,0.2,0.06
M5_Produto_CA_1_FOODS_3_586_ARIMA,50,14.7,628.2,0.06
M5_Produto_CA_1_FOODS_3_586_CNN,43,12.0,5.7,0.14
M5_Produto_CA_1_FOODS_3_586_LSTM,38,10.5,6.9,0.52
M5_Produto_CA_1_FOODS_3_586_Prophet,43,11.0,0.2,0.07
M5_Produto_CA_2_FOODS_3_252_ARIMA,84,40.4,445.4,0.06
M5_Produto_CA_2_FOODS_3_252_CNN,78,27.7,5.0,0.13
M5_Produto_CA_2_FOODS_3_252_LSTM,54,23.2,6.6,0.8
M5_Produto_CA_2_FOODS_3_252_Prophet,80,40.8,0.2,0.06
M5_Produto_CA_2_FOODS_3_586_ARIMA,121,73.7,125.0,0.01
M5_Produto_CA_2_FOODS_3_586_CNN,71,34.9,6.2,0.14
M5_Produto_CA_2_FOODS_3_586_LSTM,50,23.8,8.2,0.52
M5_Produto_CA_2_FOODS_3_586_Prophet,119,71.5,0.2,0.07
M5_Produto_CA_3_FOODS_3_090_ARIMA,419,1.7e+03,263.2,0.01
M5_Produto_CA_3_FOODS_3_090_CNN,354,827.5,5.9,0.16
M5_Produto_CA_3_FOODS_3_090_LSTM,308,790.0,22.3,0.52
M5_Produto_CA_3_FOODS_3_090_Prophet,398,1.3e+03,0.2,0.07
M5_Produto_CA_3_FOODS_3_586_ARIMA,90,17.0,739.2,0.01
M5_Produto_CA_3_FOODS_3_586_CNN,67,11.1,5.9,0.15
M5_Produto_CA_3_FOODS_3_586_LSTM,68,10.7,19.5,0.52
M5_Produto_CA_3_FOODS_3_586_Prophet,108,20.6,0.2,0.07
M5_Produto_CA_4_FOODS_3_090_ARIMA,100,1.6e+19,18.4,0.0
M5_Produto_CA_4_FOODS_3_090_CNN,86,1.1e+19,5.8,0.15
M5_Produto_CA_4_FOODS_3_090_LSTM,77,7.3e+18,12.9,0.52
M5_Produto_CA_4_FOODS_3_090_Prophet,114,1.5e+19,0.2,0.07
M5_Produto_CA_4_FOODS_3_586_ARIMA,60,72.2,13.8,0.01
M5_Produto_CA_4_FOODS_3_586_CNN,23,21.6,4.7,0.13
M5_Produto_CA_4_FOODS_3_586_LSTM,22,22.5,7.9,0.5
M5_Produto_CA_4_FOODS_3_586_Prophet,55,63.3,0.3,0.16
M5_Produto_TX_1_FOODS_3_090_ARIMA,176,2.9e+19,9.7,0.0
M5_Produto_TX_1_FOODS_3_090_CNN,147,1.9e+19,4.7,0.13
M5_Produto_TX_1_FOODS_3_090_LSTM,140,1.2e+19,22.3,0.52
M5_Produto_TX_1_FOODS_3_090_Prophet,185,2.4e+19,0.2,0.1
M5_Produto_TX_1_FOODS_3_586_ARIMA,85,23.1,241.2,0.01
M5_Produto_TX_1_FOODS_3_586_CNN,54,12.5,4.4,0.12
M5_Produto_TX_1_FOODS_3_586_LSTM,52,12.9,7.2,0.8
M5_Produto_TX_1_FOODS_3_586_Prophet,51,11.6,0.2,0.1
M5_Produto_TX_2_FOODS_3_090_ARIMA,213,3.6e+19,32.3,0.01
M5_Produto_TX_2_FOODS_3_090_CNN,230,3.5e+19,4.6,0.15
M5_Produto_TX_2_FOODS_3_090_LSTM,177,1.8e+19,28.2,0.63
M5_Produto_TX_2_FOODS_3_090_Prophet,218,3.2e+19,0.4,0.15
M5_Produto_TX_2_FOODS_3_586_ARIMA,119,17.6,378.3,0.01
M5_Produto_TX_2_FOODS_3_586_CNN,98,12.0,4.4,0.12
M5_Produto_TX_2_FOODS_3_586_LSTM,99,11.8,26.6,0.64
M5_Produto_TX_2_FOODS_3_586_Prophet,93,11.6,0.2,0.08
M5_Produto_TX_3_FOODS_3_090_ARIMA,192,3.1e+19,307.5,0.01
M5_Produto_TX_3_FOODS_3_090_CNN,206,2.9e+19,5.3,0.12
M5_Produto_TX_3_FOODS_3_090_LSTM,166,1.5e+19,26.1,0.54
M5_Produto_TX_3_FOODS_3_090_Prophet,224,3.2e+19,0.2,0.07
M5_Produto_TX_3_FOODS_3_586_ARIMA,88,14.8,219.4,0.01
M5_Produto_TX_3_FOODS_3_586_CNN,90,14.9,4.5,0.12
M5_Produto_TX_3_FOODS_3_586_LSTM,83,13.9,9.0,0.58
M5_Produto_TX_3_FOODS_3_586_Prophet,93,14.4,0.2,0.06
M5_Produto_WI_1_FOODS_3_226_ARIMA,130,45.8,545.3,0.05
M5_Produto_WI_1_FOODS_3_226_CNN,52,14.9,4.5,0.12
M5_Produto_WI_1_FOODS_3_226_LSTM,44,11.8,25.4,0.53
M5_Produto_WI_1_FOODS_3_226_Prophet,128,43.5,0.3,0.1
M5_Produto_WI_1_FOODS_3_694_ARIMA,32,21.6,417.8,0.06
M5_Produto_WI_1_FOODS_3_694_CNN,23,12.1,4.4,0.13
M5_Produto_WI_1_FOODS_3_694_LSTM,21,11.3,25.8,0.57
M5_Produto_WI_1_FOODS_3_694_Prophet,24,14.9,0.3,0.1
M5_Produto_WI_2_FOODS_3_226_ARIMA,49,16.8,381.7,0.01
M5_Produto_WI_2_FOODS_3_226_CNN,52,16.5,4.5,0.13
M5_Produto_WI_2_FOODS_3_226_LSTM,43,14.8,13.7,0.63
M5_Produto_WI_2_FOODS_3_226_Prophet,67,21.4,0.2,0.1
M5_Produto_WI_2_FOODS_3_694_ARIMA,35,14.1,246.3,0.01
M5_Produto_WI_2_FOODS_3_694_CNN,52,19.7,4.8,0.12
M5_Produto_WI_2_FOODS_3_694_LSTM,34,13.5,25.7,0.56
M5_Produto_WI_2_FOODS_3_694_Prophet,74,34.2,0.2,0.08
M5_Produto_WI_3_FOODS_3_090_ARIMA,229,2.9e+19,249.4,0.06
M5_Produto_WI_3_FOODS_3_090_CNN,189,2.2e+19,4.7,0.19
M5_Produto_WI_3_FOODS_3_090_LSTM,159,1.7e+19,19.8,0.91
M5_Produto_WI_3_FOODS_3_090_Prophet,306,2.1e+19,0.2,0.06
M5_Produto_WI_3_FOODS_3_226_ARIMA,44,11.4,203.9,0.01
M5_Produto_WI_3_FOODS_3_226_CNN,51,12.3,4.6,0.16
M5_Produto_WI_3_FOODS_3_226_LSTM,50,12.7,13.7,0.57
M5_Produto_WI_3_FOODS_3_226_Prophet,63,15.4,0.2,0.06
M5_Loja_CA_1_Todos_ARIMA,2813,7.4,538.7,0.02
M5_Loja_CA_1_Todos_CNN,2622,6.8,5.2,0.12
M5_Loja_CA_1_Todos_LSTM,1624,4.2,10.2,0.51
M5_Loja_CA_1_Todos_Prophet,1746,4.4,0.2,0.06
M5_Loja_CA_2_Todos_ARIMA,8840,25.2,1772.8,0.07
M5_Loja_CA_2_Todos_CNN,4318,12.7,5.1,0.15
M5_Loja_CA_2_Todos_LSTM,2132,6.2,8.7,0.52
M5_Loja_CA_2_Todos_Prophet,12684,36.2,0.2,0.08
M5_Loja_CA_3_Todos_ARIMA,4756,9.8,850.9,0.01
M5_Loja_CA_3_Todos_CNN,3596,6.7,5.3,0.13
M5_Loja_CA_3_Todos_LSTM,2367,4.6,9.7,0.55
M5_Loja_CA_3_Todos_Prophet,4675,9.8,0.2,0.09
M5_Loja_CA_4_Todos_ARIMA,1054,4.8,1333.9,0.06
M5_Loja_CA_4_Todos_CNN,1389,6.7,5.3,0.12
M5_Loja_CA_4_Todos_LSTM,842,3.8,8.0,0.54
M5_Loja_CA_4_Todos_Prophet,1103,4.9,0.2,0.08
M5_Loja_TX_1_Todos_ARIMA,1326,4.7,954.9,0.09
M5_Loja_TX_1_Todos_CNN,1842,6.6,5.1,0.13
M5_Loja_TX_1_Todos_LSTM,1310,4.9,10.8,0.54
M5_Loja_TX_1_Todos_Prophet,1650,6.0,0.3,0.1
M5_Loja_TX_2_Todos_ARIMA,3204,9.9,337.6,0.01
M5_Loja_TX_2_Todos_CNN,2089,6.1,5.2,0.13
M5_Loja_TX_2_Todos_LSTM,1401,4.2,6.0,0.53
M5_Loja_TX_2_Todos_Prophet,6662,21.2,0.2,0.08
M5_Loja_TX_3_Todos_ARIMA,2833,9.4,910.4,0.07
M5_Loja_TX_3_Todos_CNN,2824,8.9,5.2,0.13
M5_Loja_TX_3_Todos_LSTM,1462,4.3,11.0,0.52
M5_Loja_TX_3_Todos_Prophet,1945,5.7,0.2,0.06
M5_Loja_WI_1_Todos_ARIMA,2441,8.5,34.6,0.01
M5_Loja_WI_1_Todos_CNN,4056,15.1,5.2,0.12
M5_Loja_WI_1_Todos_LSTM,1539,4.6,10.9,0.52
M5_Loja_WI_1_Todos_Prophet,2827,10.0,0.2,0.1
M5_Loja_WI_2_Todos_ARIMA,3185,7.7,841.4,0.07
M5_Loja_WI_2_Todos_CNN,6381,15.0,5.6,0.14
M5_Loja_WI_2_Todos_LSTM,2613,6.5,11.4,0.85
M5_Loja_WI_2_Todos_Prophet,5070,14.3,0.2,0.07
M5_Loja_WI_3_Todos_ARIMA,4794,15.7,499.2,0.01
M5_Loja_WI_3_Todos_CNN,3064,9.9,5.2,0.12
M5_Loja_WI_3_Todos_LSTM,1674,5.5,17.8,0.5
M5_Loja_WI_3_Todos_Prophet,9380,31.9,0.2,0.07
M5_Tudo_Todas_Todos_ARIMA,16910,5.4,664.7,0.02
M5_Tudo_Todas_Todos_CNN,22826,6.6,6.0,0.14
M5_Tudo_Todas_Todos_LSTM,12593,3.5,11.1,0.54
M5_Tudo_Todas_Todos_Prophet,27434,8.0,0.3,0.1
Olist_Produto_Loja_1_Item_1_ARIMA,4,6.2e+17,34.1,0.01
Olist_Produto_Loja_1_Item_1_CNN,4,2.1e+17,2.7,0.13
Olist_Produto_Loja_1_Item_1_LSTM,57,1.1e+18,12.8,0.9
Olist_Produto_Loja_1_Item_1_Prophet,9,1.2e+18,0.6,0.05
Olist_Produto_Loja_1_Item_2_ARIMA,2,8.5e+16,21.5,0.01
Olist_Produto_Loja_1_Item_2_CNN,2,2.6e+16,2.7,0.13
Olist_Produto_Loja_1_Item_2_LSTM,4,1.1e+17,12.3,0.61
Olist_Produto_Loja_1_Item_2_Prophet,4,1.0e+17,0.3,0.05
Olist_Produto_Loja_10_Item_19_ARIMA,3,1.2e+18,107.7,0.01
Olist_Produto_Loja_10_Item_19_CNN,0,5.7e+16,2.7,0.13
Olist_Produto_Loja_10_Item_19_LSTM,0,2.3e+17,11.7,0.54
Olist_Produto_Loja_10_Item_19_Prophet,9,3.3e+18,0.7,0.03
Olist_Produto_Loja_10_Item_20_ARIMA,2,9.3e+17,195.5,0.01
Olist_Produto_Loja_10_Item_20_CNN,0,1.8e+17,2.9,0.12
Olist_Produto_Loja_10_Item_20_LSTM,1,1.9e+17,12.4,0.6
Olist_Produto_Loja_10_Item_20_Prophet,9,3.4e+18,0.4,0.03
Olist_Produto_Loja_2_Item_3_ARIMA,11,1.4e+18,22.0,0.01
Olist_Produto_Loja_2_Item_3_CNN,3,5.0e+17,2.7,0.14
Olist_Produto_Loja_2_Item_3_LSTM,4,3.0e+17,12.5,0.6
Olist_Produto_Loja_2_Item_3_Prophet,24,2.5e+18,0.4,0.03
Olist_Produto_Loja_2_Item_4_ARIMA,3,4.5e+17,21.7,0.01
Olist_Produto_Loja_2_Item_4_CNN,1,2.4e+17,2.7,0.12
Olist_Produto_Loja_2_Item_4_LSTM,2,3.9e+17,12.9,0.57
Olist_Produto_Loja_2_Item_4_Prophet,4,5.7e+17,0.3,0.04
Olist_Produto_Loja_3_Item_5_ARIMA,10,5.6e+17,23.6,0.01
Olist_Produto_Loja_3_Item_5_CNN,8,4.0e+17,2.6,0.12
Olist_Produto_Loja_3_Item_5_LSTM,94,2.0e+18,12.0,0.56
Olist_Produto_Loja_3_Item_5_Prophet,10,3.5e+17,0.6,0.03
Olist_Produto_Loja_3_Item_6_ARIMA,5,3.8e+17,4.3,0.01
Olist_Produto_Loja_3_Item_6_CNN,4,3.0e+17,2.7,0.12
Olist_Produto_Loja_3_Item_6_LSTM,11,2.7e+17,12.3,0.65
Olist_Produto_Loja_3_Item_6_Prophet,7,2.5e+17,0.4,0.03
Olist_Produto_Loja_4_Item_7_ARIMA,8,2.0e+18,21.0,0.01
Olist_Produto_Loja_4_Item_7_CNN,1,3.6e+17,2.9,0.12
Olist_Produto_Loja_4_Item_7_LSTM,3,6.1e+17,11.4,0.52
Olist_Produto_Loja_4_Item_7_Prophet,11,2.2e+18,0.3,0.04
Olist_Produto_Loja_4_Item_8_ARIMA,4,1.2e+17,4.1,0.01
Olist_Produto_Loja_4_Item_8_CNN,1,2.4e+16,2.7,0.16
Olist_Produto_Loja_4_Item_8_LSTM,4,9.5e+16,10.7,0.54
Olist_Produto_Loja_4_Item_8_Prophet,5,1.3e+17,0.3,0.03
Olist_Produto_Loja_5_Item_10_ARIMA,1,5.4e+16,5.4,0.01
Olist_Produto_Loja_5_Item_10_CNN,1,1.7e+17,2.8,0.12
Olist_Produto_Loja_5_Item_10_LSTM,16,9.7e+17,10.0,0.54
Olist_Produto_Loja_5_Item_10_Prophet,3,1.3e+17,0.5,0.04
Olist_Produto_Loja_5_Item_9_ARIMA,2,50.7,14.1,0.01
Olist_Produto_Loja_5_Item_9_CNN,2,71.5,2.8,0.18
Olist_Produto_Loja_5_Item_9_LSTM,11,378.7,12.1,0.53
Olist_Produto_Loja_5_Item_9_Prophet,12,390.8,0.6,0.03
Olist_Produto_Loja_6_Item_11_ARIMA,23,3.2e+18,35.3,0.01
Olist_Produto_Loja_6_Item_11_CNN,8,8.2e+17,2.7,0.12
Olist_Produto_Loja_6_Item_11_LSTM,87,6.9e+18,11.9,0.52
Olist_Produto_Loja_6_Item_11_Prophet,69,5.5e+18,0.5,0.03
Olist_Produto_Loja_6_Item_12_ARIMA,4,4.0e+17,201.6,0.01
Olist_Produto_Loja_6_Item_12_CNN,4,1.0e+18,2.7,0.12
Olist_Produto_Loja_6_Item_12_LSTM,16,1.3e+18,6.6,0.51
Olist_Produto_Loja_6_Item_12_Prophet,1362,2.6e+20,0.5,0.03
Olist_Produto_Loja_7_Item_13_ARIMA,2,3.5e+17,25.3,0.01
Olist_Produto_Loja_7_Item_13_CNN,2,1.3e+17,3.1,0.12
Olist_Produto_Loja_7_Item_13_LSTM,4,3.9e+17,11.6,0.62
Olist_Produto_Loja_7_Item_13_Prophet,3,1.4e+17,0.3,0.04
Olist_Produto_Loja_7_Item_14_ARIMA,3,1.3e+18,4.7,0.01
Olist_Produto_Loja_7_Item_14_CNN,3,9.5e+17,2.7,0.13
Olist_Produto_Loja_7_Item_14_LSTM,51,5.9e+18,13.5,0.57
Olist_Produto_Loja_7_Item_14_Prophet,16,3.3e+18,0.6,0.04
Olist_Produto_Loja_8_Item_15_ARIMA,2,1.4e+17,26.7,0.01
Olist_Produto_Loja_8_Item_15_CNN,2,1.8e+17,2.7,0.12
Olist_Produto_Loja_8_Item_15_LSTM,7,5.7e+17,11.9,0.56
Olist_Produto_Loja_8_Item_15_Prophet,41,8.6e+18,0.7,0.04
Olist_Produto_Loja_8_Item_16_ARIMA,3,4.5e+17,15.4,0.0
Olist_Produto_Loja_8_Item_16_CNN,3,5.6e+17,2.7,0.13
Olist_Produto_Loja_8_Item_16_LSTM,7,1.2e+18,11.5,0.61
Olist_Produto_Loja_8_Item_16_Prophet,4,4.4e+17,0.5,0.05
Olist_Produto_Loja_9_Item_17_ARIMA,2,5.0e+17,38.3,0.01
Olist_Produto_Loja_9_Item_17_CNN,1,1.6e+17,2.7,0.15
Olist_Produto_Loja_9_Item_17_LSTM,8,1.1e+18,9.9,0.56
Olist_Produto_Loja_9_Item_17_Prophet,2,5.1e+16,0.5,0.04
Olist_Produto_Loja_9_Item_18_ARIMA,1,1.5e+17,12.2,0.0
Olist_Produto_Loja_9_Item_18_CNN,1,3.6e+17,2.6,0.12
Olist_Produto_Loja_9_Item_18_LSTM,6,1.0e+18,10.4,0.54
Olist_Produto_Loja_9_Item_18_Prophet,2,1.4e+17,0.7,0.04
Olist_Loja_Loja_1_Todos_ARIMA,19,84.4,26.4,0.01
Olist_Loja_Loja_1_Todos_CNN,18,41.2,2.7,0.12
Olist_Loja_Loja_1_Todos_LSTM,18,56.4,12.2,0.58
Olist_Loja_Loja_1_Todos_Prophet,23,91.4,0.7,0.04
Olist_Loja_Loja_10_Todos_ARIMA,25,489.2,21.0,0.01
Olist_Loja_Loja_10_Todos_CNN,7,126.1,2.9,0.13
Olist_Loja_Loja_10_Todos_LSTM,5,86.4,12.2,0.56
Olist_Loja_Loja_10_Todos_Prophet,45,800.3,0.4,0.05
Olist_Loja_Loja_2_Todos_ARIMA,32,178.8,20.7,0.01
Olist_Loja_Loja_2_Todos_CNN,14,83.2,2.7,0.13
Olist_Loja_Loja_2_Todos_LSTM,14,79.4,11.4,0.59
Olist_Loja_Loja_2_Todos_Prophet,271,903.7,0.6,0.03
Olist_Loja_Loja_3_Todos_ARIMA,36,252.6,23.8,0.01
Olist_Loja_Loja_3_Todos_CNN,17,90.7,2.7,0.12
Olist_Loja_Loja_3_Todos_LSTM,75,302.2,11.6,0.57
Olist_Loja_Loja_3_Todos_Prophet,36,177.4,0.5,0.05
Olist_Loja_Loja_4_Todos_ARIMA,44,537.9,28.1,0.01
Olist_Loja_Loja_4_Todos_CNN,11,96.5,2.7,0.13
Olist_Loja_Loja_4_Todos_LSTM,81,438.9,11.9,0.56
Olist_Loja_Loja_4_Todos_Prophet,46,555.8,0.5,0.04
Olist_Loja_Loja_5_Todos_ARIMA,25,146.9,36.8,0.01
Olist_Loja_Loja_5_Todos_CNN,9,39.5,2.6,0.12
Olist_Loja_Loja_5_Todos_LSTM,121,491.8,11.7,0.64
Olist_Loja_Loja_5_Todos_Prophet,18,85.0,0.5,0.04
Olist_Loja_Loja_6_Todos_ARIMA,47,212.8,27.6,0.01
Olist_Loja_Loja_6_Todos_CNN,23,64.6,2.7,0.12
Olist_Loja_Loja_6_Todos_LSTM,349,1.3e+03,12.1,0.56
Olist_Loja_Loja_6_Todos_Prophet,88,210.2,0.8,0.03
Olist_Loja_Loja_7_Todos_ARIMA,16,6.3e+17,8.2,0.01
Olist_Loja_Loja_7_Todos_CNN,14,7.1e+17,2.6,0.15
Olist_Loja_Loja_7_Todos_LSTM,113,6.3e+18,12.0,0.62
Olist_Loja_Loja_7_Todos_Prophet,75,1.1e+18,0.6,0.04
Olist_Loja_Loja_8_Todos_ARIMA,16,1.1e+18,6.1,0.01
Olist_Loja_Loja_8_Todos_CNN,14,6.3e+17,2.6,0.15
Olist_Loja_Loja_8_Todos_LSTM,40,1.1e+18,12.4,0.55
Olist_Loja_Loja_8_Todos_Prophet,29,1.8e+18,0.4,0.04
Olist_Loja_Loja_9_Todos_ARIMA,23,172.5,34.2,0.01
Olist_Loja_Loja_9_Todos_CNN,12,53.5,2.6,0.12
Olist_Loja_Loja_9_Todos_LSTM,25,155.4,12.1,0.56
Olist_Loja_Loja_9_Todos_Prophet,66,189.3,0.6,0.03
Olist_Tudo_Todas_Todos_ARIMA,488,25.2,32.1,0.01
Olist_Tudo_Todas_Todos_CNN,414,20.8,2.5,0.12
Olist_Tudo_Todas_Todos_LSTM,475,23.9,11.3,0.57
Olist_Tudo_Todas_Todos_Prophet,615,33.4,0.4,0.04
